page_path,window_start,window_end,clicks,impressions,ctr,position,fetched_at
/,2026-06-11,2026-07-08,0,2,0,8.0,2026-07-11T00:00:00Z
/guides/,2026-06-11,2026-07-08,0,1,0,93.0,2026-07-11T00:00:00Z
/guides/abandoned-oil-tank-records/,2026-06-11,2026-07-08,0,53,0,16.88679245283019,2026-07-11T00:00:00Z
/guides/buried-oil-tank-home-sale/,2026-06-11,2026-07-08,0,6,0,23.833333333333332,2026-07-11T00:00:00Z
/guides/leaking-heating-oil-tank-what-to-do/,2026-06-11,2026-07-08,0,19,0,58.473684210526315,2026-07-11T00:00:00Z
/guides/oil-tank-removal-cost/,2026-06-11,2026-07-08,0,96,0,82.53125,2026-07-11T00:00:00Z
/guides/oil-tank-sweep-before-buying-house/,2026-06-11,2026-07-08,0,18,0,10.944444444444445,2026-07-11T00:00:00Z
/states/,2026-06-11,2026-07-08,0,2,0,9.5,2026-07-11T00:00:00Z
/states/new-jersey/,2026-06-11,2026-07-08,0,11,0,35.18181818181818,2026-07-11T00:00:00Z
