keyword,monthly_range,low_bid_krw,high_bid_krw
"heating oil tank","1000-10000","1627","7696"
"home heating oil tank","100-1000","1886","7216"
"275 gallon oil tank","1000-10000","660","7648"
"275 gallon heating oil tank","1000-10000","1467","10284"
"oil tank sizes","1000-10000","2087","8255"
"heating oil tank sizes","100-1000","",""
"oil tank dimensions","1000-10000","2087","8255"
"275 gallon oil tank dimensions","100-1000","",""
"oil tank chart","100-1000","",""
"275 gallon oil tank chart","100-1000","",""
"oil tank level chart","100-1000","",""
"heating oil tank chart","100-1000","",""
"oil tank gauge","1000-10000","375","4185"
"heating oil tank gauge","100-1000","334","1955"
"oil tank gauge replacement","100-1000","317","1458"
"oil tank gauge not working","10-100","",""
"oil tank level","10-100","",""
"heating oil tank level","10-100","",""
"how much oil is in my tank","10-100","",""
"oil tank capacity calculator","10-100","",""
"heating oil calculator","100-1000","",""
"heating oil usage calculator","100-1000","",""
"how long does 275 gallons of oil last","10-100","",""
"how long will my heating oil last","10-100","",""
"how much heating oil do i use","unmeasurable","",""
"oil tank monitor","100-1000","1472","11680"
"smart oil tank monitor","10-100","",""
"wireless oil tank monitor","10-100","706","21647"
"oil tank leak","100-1000","4584","14148"
"heating oil tank leak","10-100","",""
"oil tank leaking","unmeasurable","",""
"oil smell in basement","10-100","",""
"oil tank lifespan","10-100","",""
"how long do oil tanks last","100-1000","",""
"heating oil tank lifespan","unmeasurable","",""
"when to replace oil tank","10-100","",""
"oil tank rust","10-100","",""
"oil tank sludge","100-1000","",""
"water in oil tank","10-100","",""
"oil tank cleaning","100-1000","4437","13355"
"oil tank repair","100-1000","6130","28592"
"oil tank repair near me","10-100","4350","28762"
"heating oil tank repair","100-1000","",""
"oil tank installation","100-1000","4647","16338"
"oil tank installation cost","100-1000","3830","19005"
"heating oil tank installation","100-1000","6648","37694"
"heating oil tank installation cost","100-1000","",""
"275 gallon oil tank price","100-1000","935","7216"
"new oil tank cost","100-1000","2279","9228"
"heating oil tank cost","10-100","",""
