seed,rank,suggestion
abandoned oil tank records,1,abandoned oil tank removal cost
abandoned oil tank records,2,abandoned oil tank removal
buried oil tank,1,buried oil tank
buried oil tank,2,buried oil tank on property
buried oil tank,3,buried oil tank removal
buried oil tank,4,buried oil tank inspection
buried oil tank,5,buried oil tank insurance
buried oil tank,6,buried oil tank removal cost
buried oil tank,7,buried oil tank removal near me
buried oil tank,8,buried oil tanks new york state
buried oil tank,9,buried oil tank pipe
buried oil tank,10,buried oil tank disclosure
buried oil tank connecticut,1,underground oil tank ct
buried oil tank connecticut,2,removing buried oil tank
buried oil tank massachusetts,1,underground oil tank massachusetts
buried oil tank massachusetts,2,underground oil tanks massachusetts law
buried oil tank massachusetts,3,underground oil tank removal massachusetts
buried oil tank massachusetts,4,removing buried oil tank
buried oil tank massachusetts,5,what is a buried oil tank
buried oil tank new jersey,1,underground oil tank removal in new jersey
buried oil tank new jersey,2,do you have to remove underground oil tank in nj
buried oil tank new jersey,3,what is a buried oil tank
buried oil tank new york,1,buried oil tanks new york state
buried oil tank new york,2,underground oil tank new york
buried oil tank new york,3,are underground oil tanks legal in ny
buried oil tank new york,4,when did they stop burying oil tanks
buried oil tank new york,5,what is a buried oil tank
buried oil tank new york,6,removing buried oil tank
buried oil tank pennsylvania,1,underground oil tank pennsylvania
buried oil tank pennsylvania,2,when did they stop burying oil tanks
buried oil tank pennsylvania,3,what is a buried oil tank
buried oil tank pennsylvania,4,how long do buried oil tanks last
buried oil tank pennsylvania,5,removing buried oil tank
buying house with oil tank,1,buying house with oil tank
buying house with oil tank,2,buying house with underground oil tank
buying house with oil tank,3,buying a house with a decommissioned oil tank
buying house with oil tank,4,buying a house with an underground oil tank in nj
buying house with oil tank,5,buying a house with an above ground oil tank
buying house with oil tank,6,should i buy a house with underground oil tank
oil tank leak cleanup,1,oil tank leak cleanup cost
oil tank leak cleanup,2,oil tank leak cleanup
oil tank leak cleanup,3,oil tank spill cleanup
oil tank leak cleanup,4,oil tank leak remediation
oil tank leak cleanup,5,oil tank leak remediation cost nj
oil tank leak cleanup,6,home oil tank leak cleanup cost
oil tank leak cleanup,7,underground oil tank leak remediation cost
oil tank leak cleanup,8,is oil tank leak covered by insurance
oil tank leak cleanup,9,what causes an oil tank to leak
oil tank leak cleanup new hampshire,1,oil tank removal new hampshire
oil tank leak cleanup new hampshire,2,oil tank leak cleanup cost
oil tank leak cleanup new hampshire,3,oil still leaking after new gasket
oil tank leak cleanup new jersey,1,oil tank removal new jersey
oil tank leak cleanup new jersey,2,oil tank removal new jersey cost
oil tank leak cleanup new jersey,3,oil tank leak cleanup cost
oil tank leak cleanup new jersey,4,is oil tank leak covered by insurance
oil tank leak cleanup new york,1,oil tank removal new york
oil tank leak cleanup new york,2,oil tank leak cleanup cost
oil tank leak cleanup new york,3,is oil tank leak covered by insurance
oil tank removal cost,1,oil tank removal cost
oil tank removal cost,2,oil tank removal cost nj
oil tank removal cost,3,oil tank removal cost uk
oil tank removal cost,4,oil tank removal cost massachusetts
oil tank removal cost,5,oil tank removal cost near me
oil tank removal cost,6,oil tank removal cost vancouver
oil tank removal cost,7,oil tank removal cost ontario
oil tank removal cost,8,oil tank removal cost ny
oil tank removal cost,9,oil tank removal cost ct
oil tank removal cost,10,oil tank removal cost above ground
oil tank removal cost connecticut,1,oil tank removal cost ct
oil tank removal cost connecticut,2,oil tank removal in ct
oil tank removal cost connecticut,3,underground oil tank removal cost ct
oil tank removal cost connecticut,4,oil tank removal companies in ct
oil tank removal cost connecticut,5,underground oil tank removal in ct
oil tank removal cost connecticut,6,how much does it cost to remove an old oil tank
oil tank removal cost connecticut,7,oil tank removal cost
oil tank removal cost connecticut,8,can you remove an oil tank yourself
oil tank removal cost massachusetts,1,oil tank removal cost massachusetts
oil tank removal cost massachusetts,2,how much does it cost to remove an old oil tank
oil tank removal cost massachusetts,3,oil tank removal cost
oil tank removal cost massachusetts,4,how much does it cost to replace an oil tank in massachusetts
oil tank removal cost new jersey,1,oil tank removal new jersey cost
oil tank removal cost new jersey,2,oil tank removal cost nj
oil tank sweep,1,oil tank sweep
oil tank sweep,2,oil tank sweep nj
oil tank sweep,3,oil tank sweep inspection
oil tank sweep,4,oil tank sweep premier
oil tank sweep,5,oil tank sweep cost
oil tank sweep,6,oil tank sweep near me
oil tank sweep,7,oil tank sweep nj llc
oil tank sweep,8,oil tank sweep cost nj
oil tank sweep,9,oil tank sweep inspection near me
oil tank sweep,10,oil tank sweep ocean county nj
oil tank sweep connecticut,1,oil tank removal connecticut
oil tank sweep connecticut,2,oil tank removal ct cost
oil tank sweep connecticut,3,oil tank sweep cost
oil tank sweep connecticut,4,what is an oil tank sweep
oil tank sweep maine,1,oil tank removal maine
oil tank sweep maine,2,oil tank removal portland maine
oil tank sweep maine,3,oil tank removal southern maine
oil tank sweep maine,4,oil tank sweep cost
oil tank sweep maine,5,what is an oil tank sweep
oil tank sweep massachusetts,1,oil tank removal massachusetts
oil tank sweep massachusetts,2,oil tank removal massachusetts law
oil tank sweep massachusetts,3,oil tank removal ma
oil tank sweep massachusetts,4,free oil tank removal massachusetts
oil tank sweep massachusetts,5,oil tank removal cost massachusetts
oil tank sweep massachusetts,6,what is an oil tank sweep
oil tank sweep massachusetts,7,oil tank sweep cost
oil tank sweep new hampshire,1,oil tank removal new hampshire
oil tank sweep new hampshire,2,oil tank sweep cost
oil tank sweep new hampshire,3,oil tank sweep near me
oil tank sweep new jersey,1,oil tank sweep new jersey llc reviews
oil tank sweep new jersey,2,oil tank sweep new jersey
oil tank sweep new jersey,3,oil tank sweep new jersey llc
oil tank sweep new jersey,4,oil tank removal new jersey
oil tank sweep new jersey,5,oil tank removal new jersey cost
oil tank sweep new jersey,6,oil tank removal company new jersey
oil tank sweep new jersey,7,how much is an oil tank sweep in nj
oil tank sweep new york,1,oil tank removal new york
oil tank sweep new york,2,what is an oil tank sweep
oil tank sweep pennsylvania,1,oil tank removal pennsylvania
oil tank sweep pennsylvania,2,what is an oil tank sweep
oil tank sweep pennsylvania,3,oil tank sweep cost
oil tank sweep rhode island,1,oil tank removal rhode island
oil tank sweep rhode island,2,oil tank sweep cost
oil tank sweep rhode island,3,what is an oil tank sweep
oil tank sweep vermont,1,oil tank removal vermont
oil tank sweep vermont,2,what is an oil tank sweep
oil tank sweep vermont,3,oil tank sweep cost
selling house with oil tank,1,selling house with oil tank
selling house with oil tank,2,selling house with underground oil tank
selling house with oil tank,3,can i sell my old oil tank
selling house with oil tank,4,how much is an old oil tank worth
underground oil tank removal,1,underground oil tank removal near me
underground oil tank removal,2,underground oil tank removal
underground oil tank removal,3,underground oil tank removal cost
underground oil tank removal,4,underground oil tank removal cost nj
underground oil tank removal,5,underground oil tank removal companies near me
underground oil tank removal,6,underground oil tank removal nj
underground oil tank removal,7,underground oil tank removal ct
underground oil tank removal,8,underground oil tank removal cost ny
underground oil tank removal,9,underground oil tank removal massachusetts
underground oil tank removal,10,underground oil tank removal company
underground oil tank removal connecticut,1,underground oil tank removal ct
underground oil tank removal connecticut,2,underground oil tank removal cost ct
underground oil tank removal massachusetts,1,underground oil tank removal massachusetts
underground oil tank removal massachusetts,2,removing underground oil tank
underground oil tank removal new jersey,1,underground oil tank removal in new jersey
underground oil tank removal new jersey,2,do you have to remove underground oil tank in nj
underground oil tank removal new jersey,3,underground oil tank removal cost nj
